{
  "mae": 5.557045027986611,
  "feature_importance": {
    "zone_encoded": 0.001250499626621604,
    "week_of_year": 0.04690730571746826,
    "season": 0.002375552663579583,
    "avg_max_temp": 0.004539145156741142,
    "avg_max_rain": 0.33059045672416687,
    "avg_max_aqi": 0.003654442960396409,
    "trigger_freq_4w": 0.12642212212085724,
    "shift_type": 0.4607388973236084,
    "earnings_baseline": 0.02352157235145569
  }
}